Id,Nom,Cle,Description,Source
0,Adepte de métamagie,adepte-de-metamagie ,"Vous apprenez deux options de métamagie et gagnez 2 points de sorcellerie.
 class='description'>Vous apprenez deux options de métamagie et gagnez 2 points de sorcellerie.",Tasha´s Cauldron of Everything
1,Adepte élémentaire,adepte-elementaire ,"Quand vous gagnez ce don, choisissez l'un des types de dégâts suivants&nbsp;: acide, froid, feu, foudre ou tonnerre.

",Player´s Handbook
2,Adepte martial,adepte-martial ,"Vous avez une formation martiale qui vous permet d'effectuer des manœuvres de combat spéciales. Vous obtenez les avantages suivants&nbsp;:

<ul><li>Vous apprenez deux manœuvres de votre choix parmi celles disponibles pour l'archétype de guerrier du maître de bataille. Si une manœuvre que vous utilisez nécessite que la cible fasse un jet de sauvegarde pour résister aux effets de la manœuvre, le DD du jet de sauvegarde est égal à 8 + votre bonus de maîtrise + votre modificateur de Force ou de Dextérité (selon votre choix).</li><li>Vous gagnez un dé de supériorité, qui est un d6 (ce dé s'ajoute à tous autres dés de supériorité que vous pourriez avoir gagnés d'une autre source). Ce dé est utilisé pour alimenter vos manœuvres. Un dé de supériorité est dépensé lorsque vous l'utilisez. Vous regagnez vos dés de supériorité dépensés lorsque vous terminez un repos court ou long.</li></ul>",Player´s Handbook
3,Adepte occulte,adepte-occulte ,"Grâce à l'étude des connaissances occultes, vous avez libéré en vous un pouvoir surnaturels : vous apprenez une option de Manifestration occulte de votre choix de la classe d'occultiste. Si la manifestation possède un prérequis, quel qu'il soit, vous ne pouvez choisir cette manifestration que si vous êtes un occultiste qui remplit la condition préalable.

",Tasha´s Cauldron of Everything
4,Adresse du géant des pierres,adresse-du-geant-des-pierres ,"+1 en For., Con. ou Sag. ; vision dans le noir 18 m ; 1d10 dégâts de force + à terre (BM/jour).
 class='description'>+1 en For., Con. ou Sag. ; vision dans le noir 18 m ; 1d10 dégâts de force + à terre (BM/jour).",Glory of the Giants
5,Agilité des courts-sur-pattes,agilite-des-courts-sur-pattes ,"Vous êtes particulièrement agile pour votre race. Vous obtenez les avantages suivants&nbsp;:

<ul><li>Augmentez votre valeur de Force ou de Dextérité de 1, pour un maximum de 20.</li><li>Augmentez votre vitesse de marche de 1,50 mètre.</li><li>Vous gagnez la maîtrise de la compétence Acrobaties ou Athlétisme.</li><li>Vous avez un avantage à vos jets de Force (Athlétisme) ou Dextérité (Acrobaties) pour vous échapper si vous êtes agrippé.</li></ul>",Xanathar´s Guide to Everything
6,Amateur d'armes à feu,amateur-d-armes-a-feu ,"+1 en Dex., maîtrise des armes à feu, ignore la propriété rechargement de ces armes et aucun désavantage à l'attaque au contact.
 class='description'>+1 en Dex., maîtrise des armes à feu, ignore la propriété rechargement de ces armes et aucun désavantage à l'attaque au contact.",Tasha´s Cauldron of Everything
7,Âme du géant des tempêtes,ame-du-geant-des-tempetes ,"+1 en For., Con. ou Sag. ; résistance aux dégâts de foudre et de tonnerre ; désavantage contre vous ; 1/2 vitesse (BM/jour).
 class='description'>+1 en For., Con. ou Sag. ; résistance aux dégâts de foudre et de tonnerre ; désavantage contre vous ; 1/2 vitesse (BM/jour).",Glory of the Giants
8,Artificier en herbe,artificier-en-herbe ,"Vous apprenez 1 sort mineur et 1 sort de niv 1 d'artificier (à lancer sans emplacement), maîtrise d'un type d'outils d'artisan.
 class='description'>Vous apprenez 1 sort mineur et 1 sort de niv 1 d'artificier (à lancer sans emplacement), maîtrise d'un type d'outils d'artisan.",Tasha´s Cauldron of Everything
9,Athlète,athlete ,"Vous avez suivi une forte formation physique qui vous donne les avantages suivants&nbsp;:

<ul><li>Augmentez votre valeur de Force ou de Dextérité de 1, pour un maximum de 20.</li><li>Lorsque vous êtes à terre, vous relever prend seulement 1,50 mètre de votre mouvement.</li><li>Escalader ne vous coûte pas de mouvement supplémentaire.</li><li>Vous pouvez faire un saut en longueur ou en hauteur avec seulement 1,50 mètre d'élan, au lieu de 3 mètres.</li></ul>",Player´s Handbook
10,Attaquant sauvage,attaquant-sauvage ,"Une fois par tour quand vous lancez les dégâts d'une attaque au corps à corps avec une arme, vous pouvez relancer les dégâts de l'arme et choisir le meilleur des deux résultats.

",Player´s Handbook
11,Bagarreur de tavernes,bagarreur-de-tavernes ,"Habitué à vous battre comme un chiffonnier en utilisant tout ce qui vous tombe sous la main, vous obtenez les avantages suivants&nbsp;:

<ul><li>Augmentez votre valeur de Force ou de Constitution de 1, jusqu'à un maximum de 20.<li>Vous maîtrisez les armes improvisées.</li><li>Votre attaque à mains nues utilise un d4 pour les dégâts.</li><li>Pendant votre tour, si vous touchez une cible avec une attaque à mains nues ou une arme improvisée, vous pouvez utiliser une action bonus pour essayer d'engager une lutte avec la cible.</li></ul>",Player´s Handbook
12,Braises du géant du feu,braises-du-geant-du-feu ,"+1 en For., Con. ou Sag. ; résistance aux dégâts de feu ; 1d8+BM dégâts de feu + aveuglé (rayon de 4 m ; BM/jour).
 class='description'>+1 en For., Con. ou Sag. ; résistance aux dégâts de feu ; 1d8+BM dégâts de feu + aveuglé (rayon de 4 m ; BM/jour).",Glory of the Giants
13,Broyeur,broyeur ,"Vous êtes habitué à l'art d'écraser vos ennemis, ce qui vous confère les avantages suivants&nbsp;:

<ul><li>Augmentez votre valeur de Force ou de Constitution de 1, jusqu'à un maximum de 20.</li><li>Une fois par tour, lorsque vous touchez une créature avec une attaque qui inflige des dégâts contondants, vous pouvez la déplacer de 1,50 mètre vers un espace inoccupé, à condition que la cible ne soit pas de plus d'une taille que vous.</li><li>Si vous réalisez un coup critique qui inflige des dégâts contondants à une créature, vous avez un avantage aux jets d'attaque contre cette créature jusqu'au début de votre prochain tour.</li></ul>",Tasha´s Cauldron of Everything
14,Chance abondante,chance-abondante ,"À chaque fois qu'un allié que vous pouvez voir et qui se trouve à 9 mètres ou moins de vous obtient un 1 naturel sur un d20 lors d'un jet d'attaque, de caractéristique ou de sauvegarde, vous pouvez utiliser votre réaction pour permettre à cet allié de relancer son dé. L'allié est obligé d'utiliser le nouveau résultat.

",Xanathar´s Guide to Everything
15,Chanceux,chanceux ,"Vous avez une chance inexplicable qui semble tomber juste au bon moment.

",Player´s Handbook
16,Chef cuisinier,chef-cuisinier ,"+1 en Con. ou Sag., maîtrise des ustensiles de cuisinier et cuisine des plats qui redonnent des pv.
 class='description'>+1 en Con. ou Sag., maîtrise des ustensiles de cuisinier et cuisine des plats qui redonnent des pv.",Tasha´s Cauldron of Everything
17,Combattant à deux armes,combattant-a-deux-armes ,"Vous maîtrisez le combat à deux armes, et obtenez les avantages suivants&nbsp;:

<ul><li>Vous gagnez un bonus de +1 à la CA si vous tenez une arme de corps à corps distincte dans chaque main.</li><li>Vous pouvez utiliser le combat à deux armes même si les armes de corps à corps à une main que vous tenez ne sont pas légères.</li><li>Vous pouvez dégainer ou rengainer deux armes à une main alors que normalement vous ne pourriez le faire que pour une seule.</li></ul>",Player´s Handbook
18,Combattant monté,combattant-monte ,"Vous êtes un dangereux ennemi à affronter lorsque vous êtes monté. Lorsque vous êtes monté et pas incapable d'agir, vous gagnez les avantages suivants&nbsp;:

<ul><li>Vous avez un avantage aux jets d'attaque au corps à corps contre toute créature non montée qui est plus petite que votre monture.</li><li>Vous pouvez forcer une attaque qui cible votre monture à vous cibler à sa place.</li><li>Si votre monture est soumise à un effet qui lui permet d'effectuer un jet de sauvegarde de Dextérité pour ne prendre que la moitié des dégâts, elle ne prend aucun dégât si le jet de sauvegarde est réussi, et seulement la moitié des dégâts en cas d'échec.</li></ul>",Player´s Handbook
19,Comédien,comedien ,"Entraîné au mimétisme et à l'art dramatique, vous gagnez les avantages suivants&nbsp;:

<ul><li>Augmentez votre valeur de Charisme de 1, pour un maximum de 20.</li><li>Vous avez un avantage aux jets de Charisme (Tromperie) et Charisme (Représentation) pour essayer de vous faire passer pour une autre personne.</li><li>Vous pouvez imiter le discours d'une autre personne ou les sons émis par d'autres créatures. Vous devez avoir entendu la personne qui parle, ou entendu la créature émettre le son, pendant au moins 1 minute. Un jet réussi de Sagesse (Intuition) contre votre jet de Charisme (Tromperie) permet à celui qui écoute de déterminer qu'il s'agit d'une imitation.</li></ul>",Player´s Handbook
20,Constitution infernale,constitution-infernale ,"Votre héritage diabolique est particulièrement présent chez vous. Vous obtenez les avantages suivants&nbsp;:

<ul><li>Augmentez votre valeur de Constitution de 1, pour un maximum de 20.</li><li>Vous avez la résistance aux dégâts de froid et de poison.</li><li>Vous avez un avantage à vos jets de sauvegarde effectués contre l'état empoisonné.</li></ul>",Xanathar´s Guide to Everything
21,Cuir de dragon,cuir-de-dragon ,"Vous avez hérité de la puissance et de la majesté de vos ancêtres dragons. Vous obtenez les avantages suivants&nbsp;:

<ul><li>Augmentez votre valeur de Force, de Constitution ou de Charisme de 1, pour un maximum de 20.<li>Vos écailles se durcissent. Tant que vous ne portez aucune armure, votre CA est de 13 + votre modificateur de Dextérité. Vous pouvez utiliser un bouclier et profiter de cet avantage.</li><li>Des griffes rétractables ont poussé à l'extrémité de vos doigts. Sortir ou rentrer vos griffes ne requiert aucune action. Les griffes sont des armes naturelles que vous pouvez utiliser pour effectuer des attaques à mains nues. Si vous touchez au cours d'une attaque à mains nues, vous infligez un montant de dégâts tranchants égal à 1d4 + votre modificateur de Force, au lieu des dégâts contondants traditionnels des attaques à mains nues.</li></ul>",Xanathar´s Guide to Everything
22,Deuxième chance,deuxieme-chance ,"La chance vous sourit lorsque quelqu'un tente de vous frapper. Vous obtenez les avantages suivants&nbsp;:

<ul><li>Augmentez votre valeur de Dextérité, de Constitution ou de Charisme de 1, pour un maximum de 20.</li><li>Lorsqu'une créature que vous pouvez voir vous touche avec un jet d'attaque, vous pouvez utiliser votre réaction pour obliger cette créature à relancer son jet. Une fois cette capacité utilisée, vous devez terminer un repos court ou long, ou faire un jet d'initiative au début d'un combat, avant de pouvoir la réutiliser.</li></ul>",Xanathar´s Guide to Everything
23,Discret,discret ,"Vous êtes expert pour vous faufiler discrètement dans l'ombre. Vous obtenez les avantages suivants&nbsp;:

<ul><li>Vous pouvez essayer de vous cacher d'une créature quand vous êtes dans une zone dont la visibilité est réduite pour elle.</li><li>Lorsque vous êtes caché d'une créature et que vous ratez une attaque à distance avec une arme, l'attaque ne révèle pas votre position.</li><li>Une lumière faible n'impose pas un désavantage à vos jets de Sagesse (Perception) en relation avec la vue.</li></ul>",Player´s Handbook
24,Don des dragons chromatiques,don-des-dragons-chromatiques ,"1d4 dégâts extra d'acide, froid, feu, foudre ou poison pendant 1 min (action bonus). Résistance à 1 de ces dégâts (réaction).
 class='description'>1d4 dégâts extra d'acide, froid, feu, foudre ou poison pendant 1 min (action bonus). Résistance à 1 de ces dégâts (réaction).",Fizban´s Treasury of Dragons
25,Don des dragons diamantins,don-des-dragons-diamantins ,"+1 en Int., Sag. ou Cha., JdS de Force ou 2d8 dégâts de force et repoussé de 3 m en réaction à une attaque (BM/jour).
 class='description'>+1 en Int., Sag. ou Cha., JdS de Force ou 2d8 dégâts de force et repoussé de 3 m en réaction à une attaque (BM/jour).",Fizban´s Treasury of Dragons
26,Don des dragons métalliques,don-des-dragons-metalliques ,"Vous pouvez lancer soins (1/repos long). En réaction à une attaque, des ailes vous donnent +BM à votre CA (BM/jour).
 class='description'>Vous pouvez lancer soins (1/repos long). En réaction à une attaque, des ailes vous donnent +BM à votre CA (BM/jour).",Fizban´s Treasury of Dragons
27,Doué,doue ,"Vous gagnez la maîtrise de trois compétences ou outils de votre choix, avec la combinaison que vous souhaitez.

",Player´s Handbook
28,Duelliste défensif,duelliste-defensif ,"Lorsque vous tenez une arme de finesse que vous maîtrisez et qu'une autre créature vous touche avec une attaque au corps à corps, vous pouvez utiliser votre réaction pour ajouter votre bonus de maîtrise à votre CA pour cette attaque, ce qui pourrait faire que l'attaque vous rate.

",Player´s Handbook
29,Effacement,effacement ,"Vous avez appris un tour magique pour échapper au danger. Vous obtenez les avantages suivants&nbsp;:

<ul><li>Augmentez votre valeur de Dextérité ou d'Intelligence de 1, pour un maximum de 20.</li><li>Lorsque vous subissez des dégâts, vous pouvez immédiatement après utiliser votre réaction pour devenir invisible par magie jusqu'à la fin de votre prochain tour ou jusqu'à ce que vous attaquiez, infligiez des dégâts ou forciez quelqu'un à effectuer un jet de sauvegarde. Une fois que vous avez utilisé cette capacité, vous ne pouvez plus l'utiliser avant d'avoir terminé un repos court ou long.</li></ul>",Xanathar´s Guide to Everything
30,Empaleur,empaleur ,"Vous avez atteint une telle précision pour empaler durant au combat, que cela vous confère les avantages suivants&nbsp;:

<ul><li>Augmentez votre valeur de Force ou de Dextérité de 1, jusqu'à un maximum de 20.</li><li>Une fois par tour, lorsque vous touchez une créature avec une attaque qui inflige des dégâts perforants, vous pouvez relancer l'un des dés de dégâts de l'attaque, et devez alors utiliser le nouveau jet.</li><li>Lorsque vous réalisez un coup critique qui inflige des dégâts perforants à une créature, vous pouvez lancer un dé de dégâts supplémentaire pour déterminer les dégâts perforants supplémentaires subis par la cible.</li></ul>",Tasha´s Cauldron of Everything
31,Empoisonneur,empoisonneur ,"Maîtrise du kit d'empoisonneur, application par une action bonus et vos attaques ignorent la résistance aux dégâts de poison.
 class='description'>Maîtrise du kit d'empoisonneur, application par une action bonus et vos attaques ignorent la résistance aux dégâts de poison.",Tasha´s Cauldron of Everything
32,Endurant,endurant ,"Robuste et résistant, vous gagnez les avantages suivants&nbsp;:

<ul><li>Augmentez votre valeur de Constitution de 1, jusqu'à un maximum de 20.</li><li>Lorsque vous lancez un dé de vie pour regagner des points de vie, le nombre minimum de points de vie que vous regagnez de ce jet est égal à deux fois votre modificateur de Constitution (minimum 2).</li></ul>",Player´s Handbook
33,Esprit affûté,esprit-affute ,"Vous avez un esprit qui permet de repérer le temps, les directions et les détails avec une précision étonnante. Vous obtenez les avantages suivants&nbsp;:

<ul><li>Augmentez votre valeur d'Intelligence de 1, jusqu'à un maximum de 20.</li><li>Vous savez toujours où est le nord.</li><li>Vous savez toujours le nombre d'heures restantes avant le lever du soleil suivant ou le coucher du soleil.</li><li>Vous pouvez vous rappeler avec précision ce que vous avez vu ou entendu au cours du mois passé.</li></ul>",Player´s Handbook
34,Expert,expert ,"Vous avez perfectionné votre maîtrise avec des compétences particulières, ce qui vous confère les avantages suivants&nbsp;:

<ul><li>Augmentez la valeur d'une caractéristique de votre choix de 1, jusqu'à un maximum de 20.</li><li>Vous gagnez la maîtrise d'une compétence de votre choix.</li><li>Choisissez une compétence que vous maîtrisez. Vous gagnez l'expertise de cette compétence, ce qui signifie que votre bonus de maîtrise est doublé pour tout jet de carcatéristique que vous effectuez avec cette compétence. La compétence que vous choisissez doit être une compétence qui ne bénéficie pas déjà d'une capacité, comme Expertise, qui double votre bonus de maîtrise.</li></ul>",Tasha´s Cauldron of Everything
35,Expert de la charge,expert-de-la-charge ,"Lorsque vous utilisez votre action pour Foncer, vous pouvez utiliser une action bonus pour faire une attaque au corps à corps avec une arme ou bousculer une créature.

",Player´s Handbook
36,Explorateur de donjons,explorateur-de-donjons ,"Vigilant face aux pièges cachés et portes secrètes que l'on trouve dans de nombreux donjons, vous obtenez les avantages suivants&nbsp;:

<ul><li>Vous avez un avantage aux jets de Sagesse (Perception) et Intelligence (Investigation) effectués pour détecter la présence de portes secrètes.</li><li>Vous avez un avantage aux jets de sauvegarde pour éviter ou résister aux pièges.</li><li>Vous obtenez la résistance aux dégâts infligés par les pièges.</li><li>Vous déplacer à un rythme rapide ne vous inflige pas le malus de -5 à votre valeur de Sagesse (Perception) passive.</li></ul>",Player´s Handbook
37,Façonneur de runes,faconneur-de-runes ,"Vous apprenez compréhension des langues et 1/2 BM sorts de niveau 1 (lancé avec rune ou emplacement de sort).
 class='description'>Vous apprenez compréhension des langues et 1/2 BM sorts de niveau 1 (lancé avec rune ou emplacement de sort).",Glory of the Giants
38,Faveur des fées,faveur-des-fees ,"Votre exposition à la magie de la Féerie vous a changé, ce qui vous confère les avantages suivants&nbsp;:

<ul><li>Augmentez votre valeur d'Intelligence, de Sagesse ou de Charisme de 1, jusqu'à un maximum de 20.</li><li>Vous apprenez le sort <a href=""https://www.aidedd.org/dnd/sorts.php?vf=foulee-brumeuse"">foulée brumeuse</a> et un sort de niveau 1 de votre choix. Le sort de niveau 1 doit être de l'école de magie de divination ou d'enchantement. Vous pouvez lancer chacun de ces sorts sans dépenser d'emplacement de sort. Une fois que vous avez lancé l'un de ces sorts de cette manière, vous ne pouvez plus le lancer de cette manière tant que vous n'avez pas terminé un repos long. Vous pouvez également lancer ces sorts en utilisant des emplacements de sorts du niveau approprié. La caractéristique d'incantation de ces sorts est la caractéristique augmentée par ce don.</li></ul>",Tasha´s Cauldron of Everything
39,Faveur des ombres,faveur-des-ombres ,"Votre exposition à la magie de la Grisombre vous a changé, ce qui vous confère les avantages suivants&nbsp;:

<ul><li>Augmentez votre valeur d'Intelligence, de Sagesse ou de Charisme de 1, jusqu'à un maximum de 20.</li><li>Vous apprenez le sort <a href=""https://www.aidedd.org/dnd/sorts.php?vf=invisibilite"">invisibilité</a> et un sort de niveau 1 de votre choix. Le sort de niveau 1 doit être de l'école de magie d'illusion ou de nécromancie. Vous pouvez lancer chacun de ces sorts sans dépenser d'emplacement de sort. Une fois que vous avez lancé l'un de ces sorts de cette manière, vous ne pouvez plus le lancer de cette manière tant que vous n'avez pas terminé un repos long. Vous pouvez également lancer ces sorts en utilisant des emplacements de sorts du niveau approprié. La caractéristique d'incantation de ces sorts est la caractéristique augmentée par ce don.</li></ul>",Tasha´s Cauldron of Everything
40,Flammes de Phlégéthos,flammes-de-phlegethos ,"Vous avez appris à maîtriser les flammes de l'enfer. Vous obtenez les avantages suivants&nbsp;:

<ul><li>Augmentez votre valeur d'Intelligence ou de Charisme de 1, pour un maximum de 20.</li><li>Lorsque vous infligez des dégâts de feu avec un sort que vous lancez, vous pouvez relancer n'importe quel 1 sur vos dés de dégâts de feu, mais vous devez forcément utiliser le nouveau résultat obtenu, même s'il s'agit à nouveau d'un 1.</li><li>À chaque fois que vous lancez un sort qui inflige des dégâts de feu, vous pouvez décider que des flammes encerclent votre tête jusqu'à la fin de votre prochain tour. Les flammes ne vous blessent pas et n'endommagent pas vos possessions, et elles émettent une lumière vive dans un rayon de 9 mètres autour de vous ainsi qu'une lumière faible sur 9 mètres de plus. Tant que les flammes sont présentes, toute créature à 1,50 mètre ou moins de vous et qui vous touche au cours d'une attaque au corps à corps subit 1d4 dégâts de feu.</li></ul>",Xanathar´s Guide to Everything
41,Frappe des géants,frappe-des-geants ,"Dégâts extra et effet additionnel si l'on touche lors d'une attaque avec une arme, selon le type de géant choisi (BM/jour).
 class='description'>Dégâts extra et effet additionnel si l'on touche lors d'une attaque avec une arme, selon le type de géant choisi (BM/jour).",Glory of the Giants
42,Fureur du géant du givre,fureur-du-geant-du-givre ,"+1 en For., Con. ou Sag. ; résistance aux dégâts de froid ; 1d8+BM dégâts de froid + vitesse à 0 (BM/jour).
 class='description'>+1 en For., Con. ou Sag. ; résistance aux dégâts de froid ; 1d8+BM dégâts de froid + vitesse à 0 (BM/jour).",Glory of the Giants
43,Fureur orc,fureur-orc ,"La fureur qui vous habite brûle sans relâche. Vous obtenez les avantages suivants&nbsp;:

<ul><li>Augmentez votre valeur de Force ou de Constitution de 1, pour un maximum de 20.</li><li>Lorsque vous touchez au cours d'une attaque effectuée avec une arme courante ou de guerre, vous pouvez lancer de nouveau un dé de dégâts et l'ajouter en tant que dégâts supplémentaires du type de l'arme. Une fois cette capacité utilisée, vous devez terminer un repos court ou long avant de pouvoir la réutiliser.</li><li>Immédiatement après avoir utilisé votre trait Endurance implacable, vous pouvez utiliser votre réaction pour effectuer une attaque avec une arme.</li></ul>",Xanathar´s Guide to Everything
44,Haute magie drow,haute-magie-drow ,"Vous augmentez votre savoir au sujet de la magie des drows. Vous connaissez le sort <a href=""https://www.aidedd.org/dnd/sorts.php?vf=detection-de-la-magie"">détection de la magie</a> et pouvez le lancer à volonté, sans dépenser d'emplacement de sort. Vous connaissez également les sorts <a href=""https://www.aidedd.org/dnd/sorts.php?vf=levitation"">lévitation</a> et <a href=""https://www.aidedd.org/dnd/sorts.php?vf=dissipation-de-la-magie"">dissipation de la magie</a>, chacun d'entre eux pouvant être lancé une seule fois sans dépenser d'emplacement de sort. Vous pouvez de nouveau lancer ces deux sorts via ce don après avoir terminé un repos long. Le Charisme est votre caractéristique d'incantation pour ces trois sorts.

",Xanathar´s Guide to Everything
45,Initié à la magie,initie-a-la-magie ,"Choisissez une classe : barde, clerc, druide, ensorceleur, magicien ou occultiste. Vous apprenez deux sorts mineurs de votre choix parmi la liste de sorts de cette classe.

",Player´s Handbook
46,Initié au combat,initie-au-combat ,"Votre entraînement martial vous a permis de développer un style de combat particulier. En conséquence, vous apprenez une option de Style de combat de votre choix de la classe de guerrier. Si vous avez déjà un style, celui que vous choisissez doit être différent.

",Tasha´s Cauldron of Everything
47,Linguiste,linguiste ,"Vous avez étudié les langues et les codes, et bénéficiez des avantages suivants&nbsp;:

<ul><li>Augmentez votre valeur d'Intelligence de 1, jusqu'à un maximum de 20.</li><li>Vous apprenez trois langues de votre choix.</li><li>Vous pouvez coder des messages avec compétence. D'autres personnes ne peuvent déchiffrer un code que vous avez créé à moins que vous le leur ayez enseigné, qu'elles réussissent un jet d'Intelligence (DD égal à votre valeur d'Intelligence + votre bonus de maîtrise) ou qu'elles utilisent la magie pour le déchiffrer.</li></ul>",Player´s Handbook
48,Lutteur,lutteur ,"Vous avez développé les compétences nécessaires pour vous défendre tout seul dans les combats de rues. Vous obtenez les avantages suivants&nbsp;:

<ul><li>Vous avez un avantage aux jets d'attaque contre une créature avec laquelle vous êtes engagé dans une lutte.</li><li>Vous pouvez utiliser votre action pour tenter de bloquer une créature avec qui vous avez engagé une lutte. Dans ce cas, faites un nouveau jet de lutte. Si vous réussissez, vous et la créature êtes tous deux entravés jusqu'à ce que la lutte se termine.</li></ul>",Player´s Handbook (SRD)
49,Mage de guerre,mage-de-guerre ,"Vous avez pratiqué le lancer de sorts au milieu d'un combat, apprenant des techniques que vous accordent les avantages suivants&nbsp;:

<ul><li>Vous avez un avantage aux jets de sauvegarde de Constitution pour maintenir votre concentration sur un sort lorsque vous subissez des dégâts.</li><li>Vous pouvez effectuer les composantes somatiques d'un sort même si vous avez des armes ou un bouclier dans les mains.</li><li>Lorsque le mouvement d'une créature hostile provoque une attaque d'opportunité pour vous, vous pouvez utiliser votre réaction pour lancer un sort à la créature, plutôt que d'effectuer une attaque d'opportunité. Le sort doit avoir un temps d'incantation de 1 action et ne doit viser que cette créature.</li></ul>",Player´s Handbook
50,Mage offensif,mage-offensif ,"Vous avez appris des techniques pour améliorer vos attaques avec certains types de sorts, et vous obtenez les avantages suivants&nbsp;:

<ul><li>Lorsque vous lancez un sort qui vous oblige à faire un jet d'attaque, la portée du sort est doublée.<li>Vos attaques à distance avec un sort ignorent les abris partiels et les abris importants.</li><li>Vous apprenez un sort mineur qui nécessite un jet d'attaque. Choisissez un sort mineur de la liste de sorts de barde, clerc, druide, ensorceleur, magicien ou occultiste. Votre caractéristique d'incantation pour ce sort mineur dépend de la liste de sorts que vous avez choisie : Charisme pour barde, ensorceleur ou occultiste ; Sagesse pour clerc ou druide ; Intelligence pour magicien.</li></ul>",Player´s Handbook
51,Magie des elfes des bois,magie-des-elfes-des-bois ,"Vous découvrez la magie des forêts primaires. Vous apprenez un sort mineur de druide de votre choix. Vous apprenez également les sorts <a href=""https://www.aidedd.org/dnd/sorts.php?vf=grande-foulee"">grande foulée</a> et <a href=""https://www.aidedd.org/dnd/sorts.php?vf=passage-sans-trace"">passage sans trace</a>, et pouvez lancer chacun d'eux une fois sans dépenser d'emplacement de sort. Vous récupérez la capacité de lancer ces sorts via ce don après avoir terminé un repos long. La Sagesse est votre caractéristique d'incantation pour ces trois sorts.

",Xanathar´s Guide to Everything
52,Magie rituelle,magie-rituelle ,"Vous avez appris un certain nombre de sorts que vous pouvez lancer comme des rituels. Ces sorts sont écrits dans un livre de rituels, que vous devez avoir en main lorsque vous lancez l'un d'entre eux.

",Player´s Handbook
53,Maître d'armes,maitre-d-armes ,"Vous avez énormément pratiqué avec une grande variété d'armes, et obtenez les avantages suivants&nbsp;:

<ul><li>Augmentez votre valeur de Force ou de Dextérité de 1, jusqu'à un maximum de 20.</li><li>Vous gagnez la maîtrise de quatre armes de votre choix. Chacune d'elles doit être une arme courante ou une arme de guerre.</li></ul>",Player´s Handbook
54,Maître d'hast,maitre-d-hast ,"Vous pouvez garder vos ennemis à distance avec des armes à allonge. Vous obtenez les avantages suivants&nbsp;:

<ul><li>Lorsque vous prenez l'action Attaquer et attaquez avec seulement une coutille, une hallebarde, un bâton ou une lance, vous pouvez utiliser une action bonus pour effectuer une attaque au corps à corps avec l'extrémité opposée de l'arme. Cette attaque utilise le même modificateur de caractéristique que l'attaque initiale. Le dé de dégâts pour cette attaque est un d4, et l'attaque inflige des dégâts contondants.</li><li>Lorsque vous portez une coutille, une hallebarde, une pique, un bâton ou une lance, vous pouvez effectuer une attaque d'opportunité lorsqu'une créature entre à portée de votre allonge.</li></ul>",Player´s Handbook
55,Maître des armes à deux mains,maitre-des-armes-a-deux-mains ,"Vous avez appris à tirer avantage du poids d'une arme, laissant son élan augmenter l'efficacité de vos frappes. Vous obtenez les avantages suivants&nbsp;:

<ul><li>À votre tour, lorsque vous réalisez un coup critique avec une arme de corps à corps ou faîtes tomber les points de vie d'une créature à 0 avec ce type d'arme, vous pouvez réaliser une attaque au corps à corps avec une arme comme action bonus.</li><li>Avant d'effectuer une attaque au corps à corps avec une arme lourde que vous maîtrisez, vous pouvez choisir de prendre un malus de -5 au jet d'attaque. Si l'attaque réussit, vous ajoutez +10 aux dégâts de l'attaque.</li></ul>",Player´s Handbook
56,Maître des armures intermédiaires,maitre-des-armures-intermediaires ,"Vous avez pratiqué le déplacement avec une armure intermédiaire pour obtenir les avantages suivants&nbsp;:

<ul><li>Porter une armure intermédiaire n'impose pas de désavantage à vos jets de Dextérité (Discrétion).</li><li>Lorsque vous portez une armure intermédiaire, vous pouvez ajouter 3, au lieu de 2, à votre CA si vous avez une Dextérité de 16 ou plus.</li></ul>",Player´s Handbook
57,Maître des armures lourdes,maitre-des-armures-lourdes ,"Vous pouvez utiliser votre armure pour détourner des attaques qui en auraient tué plus d'un. Vous obtenez les avantages suivants&nbsp;:

<ul><li>Augmentez votre valeur de Force de 1, pour un maximum de 20.</li><li>Lorsque vous portez une armure lourde, les dégâts contondants, perforants et tranchants que vous recevez d'attaques non magiques sont réduits de 3.</li></ul>",Player´s Handbook
58,Maître des boucliers,maitre-des-boucliers ,"Vous utilisez les boucliers non seulement pour vous protéger, mais aussi de manière offensive. Vous obtenez les avantages suivants lorsque vous portez un bouclier :

<ul><li>Si vous prenez l'action Attaquer à votre tour, vous pouvez utiliser une action bonus pour essayer de bousculer une créature située à 1,50 mètre ou moins de vous avec votre bouclier.</li><li>Si vous n'êtes pas incapable d'agir, vous pouvez ajouter le bonus à la CA de votre bouclier à tout jet de sauvegarde de Dextérité contre tout sort ou autre effet nocif qui vous prend pour cible.</li><li>Si vous êtes soumis à un effet qui vous permet d'effectuer un jet de sauvegarde de Dextérité pour ne prendre que la moitié des dégâts, vous pouvez utiliser votre réaction pour ne prendre aucun dommage si vous réussissez le jet de sauvegarde, en interposant votre bouclier entre vous et la source de l'effet.</li></ul>",Player´s Handbook
59,Maître-arbalétrier,maitre-arbaletrier ,"Grâce à votre longue pratique de l'arbalète, vous gagnez les avantages suivants&nbsp;:

<ul><li>Vous ignorez la propriété chargement des arbalètes que vous maîtrisez.</li><li>Être à 1,50 mètre ou moins d'une créature hostile n'impose pas un désavantage à vos jets d'attaque à distance.</li><li>Lorsque vous utilisez l'action Attaquer et attaquez avec une arme à une main, vous pouvez utiliser une action bonus pour attaquer avec une arbalète de poing si vous en tenez une.</li></ul>",Player´s Handbook
60,Meneur exaltant,meneur-exaltant ,"Vous pouvez passer 10 minutes à inspirer vos compagnons, confortant leur détermination à se battre. Lorsque vous faites cela, choisissez jusqu'à six créatures amicales (vous pouvez en faire partie) dans un rayon de 9 mètres autour de vous, qui peuvent vous voir ou vous entendre, et qui peuvent vous comprendre. Chaque créature peut gagner un nombre de points de vie temporaires égal à votre niveau + votre modificateur de Charisme. Une créature ne peut pas gagner de nouveaux points de vie temporaires grâce à ce don jusqu'à ce qu'elle ait fini un repos court ou long.

",Player´s Handbook
61,Mobile,mobile ,"Vous êtes exceptionnellement rapide. Vous gagnez les avantages suivants&nbsp;:

<ul><li>Votre vitesse augmente de 3 mètres.</li><li>Lorsque vous utilisez l'action Foncer, un terrain difficile ne vous coûte pas de mouvement supplémentaire pour ce tour.</li><li>Lorsque vous effectuez une attaque au corps à corps contre une créature, vous ne provoquez pas d'attaques d'opportunité pour cette créature pour le reste du tour, que vous touchiez ou pas.</li></ul>",Player´s Handbook
62,Observateur,observateur ,"Vous notez rapidement des détails dans votre environnement. Vous gagnez les avantages suivants&nbsp;:

<ul><li>Augmentez votre valeur d'Intelligence ou de Sagesse de 1, jusqu'à un maximum de 20.</li><li>Si vous pouvez voir la bouche d'une créature alors qu'elle parle une langue que vous comprenez, vous pouvez interpréter ce qu'elle dit en lisant ses lèvres.</li><li>Vous avez un bonus de +5 à vos jets de Sagesse (Perception) passive et d'Intelligence (Investigation) passive.</li></ul>",Player´s Handbook
63,Peur du dragon,peur-du-dragon ,"Lorsque vous êtes en colère vous irradiez le danger. Vous obtenez les avantages suivants&nbsp;:

<ul><li>Augmentez votre valeur de Force, de Constitution ou de Charisme de 1, pour un maximum de 20.</li><li>Plutôt que d'avoir un souffle basé sur une énergie destructrice, vous pouvez rugir et dépenser une utilisation de votre Arme de souffle pour forcer chaque créature de votre choix qui se trouve dans un rayon de 9 mètres autour de vous à effectuer un jet de sauvegarde de Sagesse (DD 8 + votre bonus de maîtrise + votre modificateur de Charisme). Une cible réussit automatiquement son jet de sauvegarde si elle ne peut ni vous voir ni vous entendre. En cas d'échec, vous effrayez la cible pendant 1 minute. Si une cible effrayée subit des dégâts, elle peut retenter son jet de sauvegarde, mettant un terme à l'effet qui l'affecte en cas de réussite.</li></ul>",Xanathar´s Guide to Everything
64,Pourfendeur,pourfendeur ,"Vous savez où trancher pour obtenir les meilleurs résultats, ce qui vous confère les avantages suivants&nbsp;:

<ul><li>Augmentez votre valeur de Force ou de Dextérité de 1, jusqu'à un maximum de 20.</li><li>Une fois par tour, lorsque vous touchez une créature avec une attaque qui inflige des dégâts tranchants, vous pouvez réduire la vitesse de la cible de 3 mètres jusqu'au début de votre prochain tour.</li><li>Si vous réalisez un coup critique qui inflige des dégâts tranchants à une créature, vous la blessez grièvement. Jusqu'au début de votre prochain tour, la cible a un désavantage à tous les jets d'attaque.</li></ul>",Tasha´s Cauldron of Everything
65,Précision elfique,precision-elfique ,"La précision des elfes est légendaire, en particulier celle des archers et des lanceurs de sorts elfes. Vous avez une réussite formidable avec des attaques qui reposent sur la précision plutôt que sur la force brute. Vous obtenez les avantages suivants&nbsp;:

<ul><li>Augmentez votre valeur de Dextérité, d'Intelligence, de Sagesse ou de Charisme de 1, jusqu'à un maximum de 20.</li><li>À chaque fois que vous avez un avantage à un jet d'attaque qui utilise la Dextérité, l'Intelligence, la Sagesse ou le Charisme, vous pouvez relancer l'un des dés une fois.</li></ul>",Xanathar´s Guide to Everything
66,Prodige,prodige ,"Vous êtes extrêmement doué pour apprendre de nouvelles choses. Vous obtenez les avantages suivants&nbsp;:

<ul><li>Vous gagnez la maîtrise d'une compétence et d'un outil de votre choix, et parlez couramment une langue de votre choix.</li><li>Choisissez une compétence que vous maîtrisez. Vous gagnez de l'expertise dans cette compétence, ce qui signifie que votre bonus de maîtrise est doublé pour chaque jet de caractéristique que vous faites avec. La compétence que vous choisissez doit être une compétence qui ne bénéficie pas déjà d'une capacité qui double votre bonus de maîtrise, comme Expertise.</li></ul>",Xanathar´s Guide to Everything
67,Protection intermédiaire,protection-intermediaire ,"Vous avez été formé pour maîtriser l'utilisation des armures intermédiaires et des boucliers, et vous bénéficiez des avantages suivants&nbsp;:

<ul><li>Augmentez votre valeur de Force ou de Dextérité de 1, pour un maximum de 20.</li><li>Vous gagnez la maîtrise des armures intermédiaires et des boucliers.</li></ul>",Player´s Handbook
68,Protection légère,protection-legere ,"Vous avez été formé pour maîtriser l'utilisation des armures légères, et vous bénéficiez des avantages suivants&nbsp;:

<ul><li>Augmentez votre valeur de Force ou de Dextérité de 1, pour un maximum de 20.</li><li>Vous gagnez la maîtrise des armures légères.</li></ul>",Player´s Handbook
69,Protection lourde,protection-lourde ,"Vous avez été formé pour maîtriser l'utilisation des armures lourdes, et vous bénéficiez des avantages suivants&nbsp;:

<ul><li>Augmentez votre valeur de Force de 1, pour un maximum de 20.</li><li>Vous gagnez la maîtrise des armures lourdes.</li></ul>",Player´s Handbook
70,Résilient,resilient ,"Choisissez une caractéristique. Vous gagnez les avantages suivants&nbsp;:

<ul><li>Augmentez la valeur de cette caractéristique de 1, jusqu'à un maximum de 20.</li><li>Vous gagnez la maîtrise des jets de sauvegarde qui utilisent la caractéristique choisie.</li></ul>",Player´s Handbook
71,Robuste,robuste ,"Votre maximum de points de vie augmente d'un montant égal au double de votre niveau quand vous gagnez ce don.

",Player´s Handbook
72,Ruse du géant des nuages,ruse-du-geant-des-nuages ,"+1 en For., Con. ou Sag. ; résistance aux dégâts de l'attaque ; téléportation dans un rayon de 9 m (BM/jour).
 class='description'>+1 en For., Con. ou Sag. ; résistance aux dégâts de l'attaque ; téléportation dans un rayon de 9 m (BM/jour).",Glory of the Giants
73,Sentinelle,sentinelle ,"Vous maîtrisez les techniques pour tirer avantage de chaque faiblesse dans la garde de tout ennemi, et bénéficiez des avantages suivants&nbsp;:

<ul><li>Lorsque vous touchez une créature avec une attaque d'opportunité, la vitesse de la créature devient 0 pour le reste du tour.</li><li>Vous pouvez effectuer une attaque d'opportunité même si une créature prend l'action Se désengager avant de se mettre hors de portée de votre allonge.</li><li>Quand une créature à 1,50 mètre ou moins de vous fait une attaque contre une cible autre que vous (et que cette cible n'a pas ce don), vous pouvez utiliser votre réaction pour réaliser une attaque au corps à corps avec une arme contre la créature attaquante.</li></ul>",Player´s Handbook
74,Soigneur,soigneur ,"Vous êtes un habile médecin, ce qui vous permet de guérir les blessures rapidement pour que vos alliés puissent retourner au combat. Vous gagnez les avantages suivants&nbsp;:

<ul><li>Lorsque vous utilisez une trousse de soins pour stabiliser une créature mourante, cette créature regagne également 1 point de vie.</li><li>Par une action, vous pouvez dépenser une utilisation d'une trousse de soins pour soigner une créature et lui redonner 1d6 + 4 points de vie, plus un nombre de points de vie supplémentaires égal au nombre maximum de dés de vie de la créature. La créature ne peut pas bénéficier de vos soins de nouveau jusqu'à ce qu'elle termine un repos court ou long.</li></ul>",Player´s Handbook
75,Télékinésiste,telekinesiste ,"Vous apprenez à déplacer des objets avec votre esprit, ce qui vous confère les avantages suivants :

<ul><li>Augmentez votre valeur d'Intelligence, de Sagesse ou de Charisme de 1, jusqu'à un maximum de 20.</li><li>Vous apprenez le sort main du mage. Vous pouvez le lancer sans composante verbale ou somatique, et pouvez rendre la main spectrale invisible. Si vous connaissez déjà ce sort, sa portée augmente de 9 mètres lorsque vous le lancez. Sa caractéristique d'incantation est la caractéristique augmentée par ce don.</li><li>Par une action bonus, vous pouvez essayer de pousser par télékinésie une créature que vous pouvez voir à 9 mètres ou moins de vous. Dans ce cas, la cible doit réussir un jet de sauvegarde de Force (DD 8 + votre bonus de maîtrise + le modificateur de la caractéristique augmentée par ce don) ou être attirée ou repoussée de 1,50 mètre. Une créature peut volontairement rater ce jet de sauvegarde.</li></ul>",Tasha´s Cauldron of Everything
76,Télépathe,telepathe ,"+1 en Int., Sag. ou Cha., vous pouvez lancer détection des pensées et parler télépathiquement à une créature à 18 m.
 class='description'>+1 en Int., Sag. ou Cha., vous pouvez lancer détection des pensées et parler télépathiquement à une créature à 18 m.",Tasha´s Cauldron of Everything
77,Téléportation féerique,teleportation-feerique ,"En puisant dans votre ascendance féerique, vous pouvez passer momentanément par la Féerie pour raccourcir votre chemin d'un point à un autre. Vous obtenez les avantages suivants&nbsp;:

<ul><li>Augmentez votre valeur d'Intelligence ou de Charisme de 1, pour un maximum de 20.</li><li>Vous apprenez à parler, à lire et à écrire en sylvestre.</li><li>Vous apprenez le sort <a href=""https://www.aidedd.org/dnd/sorts.php?vf=foulee-brumeuse"">foulée brumeuse</a> et pouvez le lancer une fois sans dépenser d'emplacement de sort. Vous récupérez la capacité de lancer ce sort de cette manière après avoir terminé un repos court ou long. L'Intelligence est votre caractéristique d'incantation pour ce sort.</li></ul>",Xanathar´s Guide to Everything
78,Tireur d'élite,tireur-d-elite ,"Vous êtes un maître du combat à distance et pouvez faire des tirs que d'autres penseraient impossible. Vous obtenez les avantages suivants&nbsp;:

<ul><li>Attaquer à longue portée n'impose pas de désavantage à vos jets d'attaque à distance avec une arme.</li><li>Vos attaques à distance avec une arme ignorent les abris partiels et les abris importants.</li><li>Avant d'effectuer une attaque avec une arme à distance que vous maîtrisez, vous pouvez choisir de prendre un malus de -5 au jet d'attaque. Si l'attaque réussit, vous ajoutez +10 aux dégâts de l'attaque.</li></ul>",Player´s Handbook
79,Tueur de mages,tueur-de-mages ,"Vous avez pratiqué des techniques utiles en combat au corps à corps contre les lanceurs de sorts, et vous bénéficiez des avantages suivants&nbsp;:

<ul><li>Quand une créature dans un rayon de 1,50 mètre autour de vous lance un sort, vous pouvez utiliser votre réaction pour effectuer une attaque au corps à corps avec une arme contre cette créature.</li><li>Si vous touchez une créature qui se concentre sur un sort, cette créature a un désavantage à son jet de sauvegarde pour maintenir sa concentration.</li><li>Vous avez un avantage aux jets de sauvegarde contre les sorts lancés par les créatures dans un rayon de 1,50 mètre autour de vous.</li></ul>",Player´s Handbook
80,Vigilant,vigilant ,"Toujours en train de guetter le danger, vous gagnez les avantages suivants&nbsp;:

<ul><li>Vous gagnez un bonus de +5 à l'initiative.</li><li>Vous ne pouvez pas être surpris tant que vous êtes conscient.</li><li>Les autres créatures n'ont pas un avantage aux jets d'attaque contre vous du fait que vous ne les voyez pas.</li></ul>",Player´s Handbook
81,Vigueur du géant des collines,vigueur-du-geant-des-collines ,"+1 en For., Con. ou Sag. ; résistance pour ne pas tomber à terre ; Dé de Vie pour regagner mod.Con.+BM pv additionnels.
 class='description'>+1 en For., Con. ou Sag. ; résistance pour ne pas tomber à terre ; Dé de Vie pour regagner mod.Con.+BM pv additionnels.",Glory of the Giants
82,Vigueur naine,vigueur-naine ,"Le sang des héros de la race naine coule dans vos veines. Vous obtenez les avantages suivants&nbsp;:

<ul><li>Augmentez votre valeur de Constitution de 1, pour un maximum de 20.</li><li>À chaque fois que vous utilisez l'action Esquiver en combat, vous pouvez dépenser un dé de vie pour vous soigner. Lancez le dé, ajoutez votre modificateur de Constitution, et récupérez un nombre de points de vie égal à ce total (minimum 1).</li></ul>",Xanathar´s Guide to Everything
